country,sentiment_subjectivity,flesch_reading_ease,grammatical_analysis,academic,vocational,userConsiderations,bridging,international,otherTypesOfSchool,economic_category,geographical_category,educational_category
Afghanistan,0.37045829678107295,45.373298114722374,918.1,23.0,10.8,20.4,1.3,0.1,0.3,1,1,1
Albania,0.36500906544159534,44.960382695803176,924.2,24.1,10.1,20.2,1.5,0.4,0.8,3,2,3
Algeria,0.37334153145844734,43.79901748181081,920.8,22.2,10.6,21.2,0.7,0.1,0.1,3,3,2
Andorra,0.3482664280205871,42.823762288267275,883.3,22.8,8.7,20.7,0.3,1.0,0.8,4,2,3
Angola,0.3719214553421388,46.94734666185169,891.2,24.5,12.2,19.7,0.8,0.1,0.1,2,4,2
Antigua and Barbuda,0.36755578205855277,45.281309658963906,937.6,22.3,8.3,21.6,1.0,0.9,0.1,4,5,3
Argentina,0.34982727633197935,43.28064398355425,937.7,25.7,9.6,20.5,0.8,2.0,0.6,3,5,2
Armenia,0.3797831406452496,46.04371733725266,914.7,21.8,8.5,21.1,1.1,0.7,0.7,3,2,3
Australia,0.35021899833844844,41.79884297934033,911.7,22.0,7.6,19.6,0.5,2.3,0.6,4,6,3
Austria,0.3661254436441118,42.6103097896033,924.5,20.6,7.9,20.4,0.8,1.4,0.4,4,2,3
Azerbaijan,0.3712262690716637,44.519944001390684,908.5,22.9,10.3,19.8,1.1,0.2,0.3,3,2,3
Bahamas,0.3680119969430854,42.835127608328776,945.8,23.8,8.4,22.6,1.0,1.4,0.6,4,5,3
Bahrain,0.3435836742380317,43.931817551803476,821.8,22.7,9.8,19.6,1.0,0.2,0.1,4,3,2
Bangladesh,0.3737132937963573,47.03629340402601,956.5,21.0,8.9,21.0,0.4,0.3,0.0,2,1,2
Barbados,0.3639313307264714,43.2602504720927,959.3,24.0,9.8,23.0,1.0,0.5,0.2,4,5,3
Belarus,0.3763427025052747,46.67036839704057,921.8,22.7,10.5,19.5,0.7,0.1,0.5,3,2,3
Belgium,0.3004318294234927,39.491934577389046,830.0,20.8,8.5,18.6,0.2,1.6,0.3,4,2,3
Belize,0.3642114139508813,46.27790312848926,967.7,21.6,9.3,21.5,1.5,0.8,1.1,3,5,2
Benin,0.3737778698090416,46.03065621745966,960.3,22.8,12.0,18.8,1.5,0.1,0.4,2,4,1
Bhutan,0.38101412920125827,47.778407444977915,945.5,22.9,10.0,19.5,1.5,0.2,1.1,2,1,1
Bolivia (Plurinational State of),0.37607478733038385,45.33583122398175,934.2,20.4,9.0,21.3,1.6,0.1,0.4,2,5,2
Bosnia and Herzegovina,0.3776746023789067,46.81235260661599,910.1,21.8,10.2,20.2,0.5,0.3,0.0,3,2,3
Botswana,0.3638201893058997,45.102407414222085,918.6,24.3,9.9,20.1,1.1,0.9,0.3,3,4,2
Brazil,0.3615577575161065,45.52121507869964,979.5,26.3,11.2,25.3,0.3,1.6,0.6,3,5,2
Brunei Darussalam,0.37917722815290306,47.19460756009918,943.7,24.1,9.9,18.7,1.1,0.8,0.0,4,6,3
Bulgaria,0.3725333632641943,44.039223279210354,886.9,25.5,12.1,17.2,0.5,0.2,0.0,4,2,3
Burkina Faso,0.3698452914888271,47.02303582382194,931.1,20.7,10.4,20.9,2.3,0.0,0.4,1,4,1
Burundi,0.3633790906277118,46.927130691201754,910.1,22.4,9.1,19.9,1.7,0.2,0.3,1,4,1
Cabo Verde,0.3793932671151648,47.194172847329185,958.4,22.6,11.8,22.4,1.0,0.0,0.0,2,4,2
Cambodia,0.38339132490571676,45.99745218284298,937.5,22.0,10.3,19.5,0.8,0.4,0.1,2,6,1
Cameroon,0.3776026741780936,45.7189017718849,946.9,25.2,10.0,19.3,1.7,0.2,1.0,2,4,2
Canada,0.3466984828120481,41.2749267028404,948.7,24.1,8.4,19.4,0.8,2.3,1.0,4,2,3
Central African Republic,0.38052909678795144,48.89194257176625,946.2,22.1,10.9,19.6,1.8,0.0,0.1,1,4,1
Chad,0.3769621707058573,47.88731867424622,956.0,22.3,10.2,22.4,1.4,0.2,0.4,1,4,1
Chile,0.36942300724549815,45.75864193432867,927.5,22.6,9.2,21.8,1.2,0.2,0.1,4,5,3
China,0.35757384494770683,44.87042155087816,940.7,24.8,8.4,21.2,0.7,0.4,0.1,3,6,3
Colombia,0.3460183193667624,41.372027832601496,945.7,23.6,10.3,19.1,0.4,1.0,0.2,3,5,2
Comoros,0.38389933936057297,49.04935869049282,924.4,22.4,10.2,20.9,1.9,0.3,0.3,2,4,1
Congo,0.38019877577842054,49.22480781415609,970.3,23.0,11.0,22.3,1.0,0.2,0.2,2,4,2
Costa Rica,0.3648004413939224,42.929298054246374,958.0,23.4,9.6,20.6,0.9,1.3,0.2,3,5,2
Croatia,0.3827875228717909,44.956600646270864,905.6,23.2,10.4,21.5,0.5,0.4,0.5,4,2,3
Cuba,0.3429047348125936,40.98148615659875,808.4,19.6,8.8,17.3,0.9,0.1,0.1,3,5,3
Cyprus,0.3479987690726045,41.62667774597909,824.2,19.5,9.0,19.2,1.6,0.8,0.7,4,2,3
Czechia,0.3535243438001824,45.624817391150216,905.0,23.8,10.2,18.3,1.1,1.1,0.9,4,2,3
Côte d'Ivoire,0.38490448379389514,48.41986828820784,940.3333333333334,19.333333333333332,9.0,22.88888888888889,1.2222222222222223,0.3333333333333333,0.2222222222222222,2,4,1
Democratic People's Republic of Korea,0.36755233764353085,45.48845163351514,950.0,21.7,9.5,23.1,1.3,0.4,1.1,1,6,3
Democratic Republic of the Congo,0.383133393871771,45.549230258982604,945.0,21.5,10.5,19.9,1.3,0.1,0.5,1,4,2
Denmark,0.372751986886846,48.034060060808805,904.3,20.6,11.1,20.8,1.7,0.2,1.1,4,2,3
Djibouti,0.36422256179984674,48.192350607107656,923.6,22.9,10.4,19.6,2.1,0.1,0.5,2,3,1
Dominica,0.3680915261651242,44.90745368918648,931.5,21.6,10.0,19.6,0.7,0.7,0.2,3,5,2
Dominican Republic,0.3642222939887894,45.729650416158265,966.1,25.8,11.5,21.1,1.1,0.5,0.0,3,5,2
Ecuador,0.37060182945831377,45.39703839076765,929.9,21.4,10.2,19.0,0.5,0.1,0.2,3,5,2
Egypt,0.3903720559278372,46.83624999299239,957.4,24.6,9.9,20.9,1.5,0.1,0.2,2,3,2
El Salvador,0.36424689943593325,46.372148244086155,948.8,21.5,11.3,21.4,1.0,0.0,0.1,3,5,2
Equatorial Guinea,0.36176503015746064,47.05092575408389,967.3,25.3,10.4,20.6,1.5,0.7,0.8,3,4,2
Eritrea,0.3777576039167661,46.54498377453207,984.2,27.8,13.2,20.6,0.9,0.0,0.2,1,4,2
Estonia,0.3913162669330013,42.43381848274079,907.2,23.4,10.4,18.6,0.6,0.4,0.0,4,2,3
Eswatini,0.3781550403423005,49.160164126046446,955.3,22.2,9.3,21.4,2.3,0.2,0.3,2,4,3
Ethiopia,0.3697132660144651,47.44843295398016,960.7,22.9,11.2,19.4,0.9,0.3,0.5,1,4,1
Fiji,0.3597726501195544,44.672974797640634,927.2,21.6,10.3,21.5,1.0,0.2,0.4,3,6,3
Finland,0.35910711478266116,47.125519221468736,929.3,22.0,9.0,22.0,1.5,0.8,1.1,4,2,3
France,0.34056373221435277,44.19657877904608,905.7,19.0,7.6,18.8,0.6,3.1,0.2,4,2,3
Gabon,0.3838016983105126,47.481916225275626,966.6,24.6,11.1,22.1,1.7,0.1,0.7,3,4,2
Gambia,0.37520853390877684,48.71044233497092,977.9,22.1,11.7,19.4,1.5,0.0,0.4,1,4,2
Georgia,0.3734407803938574,48.06068788479313,917.9,20.3,10.3,19.8,1.0,0.2,0.1,3,2,3
Germany,0.3676908830832974,45.00296263129614,972.3,25.9,9.3,20.9,1.2,1.2,0.6,4,2,3
Ghana,0.38281359287049926,49.86775794048585,946.4,24.0,10.6,21.2,1.0,0.2,0.5,2,4,2
Greece,0.36593511580953875,48.485821763588525,923.8,24.2,10.2,19.7,0.7,0.4,0.4,4,2,3
Grenada,0.3747925101350833,49.783218108079005,936.8,24.4,12.0,18.9,2.0,0.3,0.4,3,5,3
Guatemala,0.36784299978388696,45.903732257243334,899.5,19.4,9.5,20.3,1.4,0.5,0.8,3,5,2
Guinea,0.39728537353914606,51.94708254634482,912.4,19.6,10.4,21.7,0.7,0.2,0.1,2,4,2
Guinea-Bissau,0.38617405213255357,48.0555513891276,918.0,22.9,11.0,18.9,1.3,0.2,0.3,1,4,2
Guyana,0.3704026946486103,48.46891537185759,932.6,22.9,11.2,21.8,1.6,0.1,0.3,4,5,2
Haiti,0.3492872145632099,49.7715072583822,919.0,21.5,11.3,18.4,1.8,0.5,0.5,2,5,1
Honduras,0.3842584072990315,47.15651396813281,930.9,21.5,10.2,19.8,1.5,0.0,0.5,2,5,2
Hungary,0.36669224856282007,46.27120769822379,947.9,20.2,10.1,20.1,0.6,0.7,0.2,4,2,3
Iceland,0.38528830093152594,46.57591439304336,941.5,21.7,9.3,20.9,1.8,0.5,1.2,4,2,3
India,0.39415982507584074,47.31918808883105,911.7,21.8,9.7,19.9,0.7,0.0,0.0,2,1,2
Indonesia,0.37561144005953,46.37750539227833,881.2,21.0,9.5,18.4,0.7,0.5,0.8,3,6,2
Iran (Islamic Republic of),0.3558729078804349,44.206042739779605,928.0,20.7,10.0,19.1,0.9,0.4,0.4,3,3,2
Iraq,0.38992597422816594,48.57193956891994,952.9,23.4,12.9,18.4,1.5,0.1,0.0,3,3,1
Ireland,0.3590437681371382,42.179703665203775,937.5,22.8,8.5,21.0,0.8,2.9,0.5,4,2,3
Israel,0.36657785040962876,45.57512717335696,900.9,23.5,11.4,21.8,0.5,0.6,0.5,4,3,3
Italy,0.3555510129531715,43.577948901862044,930.9,22.2,8.7,21.1,0.6,0.7,0.1,4,2,3
Jamaica,0.3769893247151788,47.57944144172454,931.5,22.8,10.8,19.5,1.1,0.2,0.3,3,5,3
Japan,0.35219887426075747,45.415570044089726,931.6,19.7,6.5,21.3,1.1,1.6,1.2,4,6,3
Jordan,0.3800609880211303,46.4820686940463,942.4,24.0,11.0,20.4,1.2,0.2,0.7,2,3,2
Kazakhstan,0.38578397315131563,46.841855045874674,904.0,22.6,11.4,19.4,0.6,0.3,0.1,3,2,3
Kenya,0.3744484874324364,48.63164356719021,898.2,23.0,10.5,17.5,1.5,0.1,0.2,2,4,2
Kiribati,0.3796423129932626,45.877494433084145,943.5,23.6,9.2,19.7,1.3,0.4,0.6,2,6,3
Kuwait,0.3692844474881474,43.618357106368016,902.5,21.8,10.3,20.9,1.1,0.5,0.7,4,3,2
Kyrgyzstan,0.38524203189006834,46.87795203975013,950.0,23.1,10.7,22.0,2.4,0.2,0.8,2,2,3
Lao People's Democratic Republic,0.38207785740704336,48.531688136594866,917.9,22.5,12.3,18.6,1.5,0.0,0.5,2,6,2
Latvia,0.368157648015733,45.77965167038955,929.6,24.4,12.6,20.6,0.5,0.7,0.2,4,2,3
Lebanon,0.3781783082453628,52.14004776765539,931.0,22.8,11.2,19.3,2.1,0.1,0.4,2,3,2
Lesotho,0.37794849340566017,49.71812037108923,904.1,19.8,8.9,17.9,1.1,0.3,0.3,2,4,3
Liberia,0.38112734073012133,50.65048030719224,962.7,21.4,11.1,18.2,2.4,0.0,0.5,1,4,1
Libya,0.38156071408368764,51.26635923260236,893.7,19.5,9.5,19.8,1.0,0.0,0.3,3,3,2
Liechtenstein,0.3896040689312502,46.96499955941332,921.7,23.8,10.4,19.2,0.4,0.5,0.0,4,2,2
Lithuania,0.3652437798811631,45.5016831514324,957.1,23.1,8.8,21.4,1.4,0.6,0.3,4,2,3
Luxembourg,0.36806306169837094,44.53647954267929,890.0,21.2,9.9,19.0,0.8,2.3,0.2,4,2,3
Madagascar,0.36405533853012584,44.70700551992301,877.4,23.1,10.4,19.3,1.0,0.2,0.1,1,4,1
Malawi,0.3736666748105658,48.278967480737926,915.0,20.9,9.9,16.7,1.8,0.2,0.3,1,4,1
Malaysia,0.3605393337898955,48.62475884366734,909.5,21.8,9.8,18.3,0.9,0.4,0.0,3,6,3
Maldives,0.3772874487853807,47.66837187648279,952.0,25.0,11.1,20.1,1.2,0.1,0.3,3,1,3
Mali,0.3881138935794431,50.45901343987556,942.0,20.5,10.2,19.9,1.6,0.0,0.4,1,4,1
Malta,0.3676332673865157,43.57860509841397,875.9,22.4,9.1,16.0,1.2,1.0,0.7,4,3,3
Marshall Islands,0.372297792264785,49.13086037250757,921.4,22.7,11.4,16.9,1.0,0.0,0.1,3,6,3
Mauritania,0.36950669072832687,51.71531095396983,921.7,23.8,11.4,19.6,1.7,0.0,0.3,2,4,1
Mauritius,0.3768345343059277,49.41574536416013,985.7,22.1,12.0,19.2,0.9,0.1,0.0,3,4,3
Mexico,0.3671740901652999,46.35997984375806,952.5,24.9,10.1,19.5,0.3,0.4,0.1,3,5,2
Micronesia (Federated States of),0.36009030414728194,44.794874659802716,942.1,23.6,9.9,18.0,2.0,0.2,0.9,2,6,2
Monaco,0.36192189355435606,41.680021100628196,983.0,23.6,8.9,21.2,0.6,3.1,0.5,4,2,3
Mongolia,0.39182044991155385,47.376827909440614,968.2,23.4,10.6,22.3,1.5,0.1,0.4,3,6,3
Montenegro,0.3799333143669456,49.30779118005141,941.6,21.7,10.2,19.9,1.3,0.2,0.0,3,2,3
Morocco,0.38026117524091535,52.67098861732692,983.1,21.3,12.2,18.5,0.7,0.0,0.0,2,3,2
Mozambique,0.3631361709220905,50.31400970116,965.9,21.2,9.9,19.7,1.8,0.6,0.4,1,4,1
Myanmar,0.3899224508967272,49.42737304109823,983.7,22.1,11.3,20.1,1.9,0.0,0.3,2,6,2
Namibia,0.363111843975215,47.98930252844862,949.7,22.0,10.2,21.4,1.7,0.2,0.5,3,4,2
Nauru,0.39889856446004424,50.57497061313457,928.8,22.3,9.8,19.2,1.5,0.0,0.8,4,6,3
Nepal,0.3802054525282137,47.937987833318026,938.6,24.1,11.7,18.9,0.7,0.1,0.1,2,1,1
Netherlands (Kingdom of the),0.3805034920645271,43.75161375781316,910.1,21.9,9.7,19.9,0.5,1.7,0.8,4,2,3
New Zealand,0.3648834757603004,47.09955864573468,969.9,23.5,8.5,20.9,0.8,2.9,0.6,4,6,2
Nicaragua,0.36018428924920537,47.85149046515722,889.5,23.0,11.7,19.3,0.7,0.7,0.3,2,5,2
Niger,0.3847958058991857,52.58400475512276,924.8,20.7,11.5,18.3,2.3,0.0,0.3,1,4,1
Nigeria,0.36077386258433575,48.617507016908476,959.5,23.5,11.5,17.4,0.8,0.2,0.0,2,4,2
North Macedonia,0.3627179527779553,50.1938416475297,920.5,21.9,10.8,18.3,1.6,0.2,0.2,3,2,3
Norway,0.37015668985909744,49.17182299324984,934.7,21.9,10.3,18.9,0.2,0.2,0.2,4,2,3
Oman,0.38626016083312087,49.55558421263239,876.1,23.1,10.0,20.2,0.8,0.2,0.0,4,3,3
Pakistan,0.3788636473688295,49.20714277737122,932.9,23.7,11.2,19.9,2.2,0.0,0.5,2,1,2
Palau,0.3715553142005037,46.09390425288642,917.2,22.3,10.4,19.0,1.4,0.0,0.4,4,6,3
Panama,0.3745820685865301,45.91447613092399,934.0,22.5,9.9,22.3,1.6,0.7,0.4,4,5,2
Papua New Guinea,0.3738622679242328,46.27424597179415,943.3,21.2,9.9,19.2,1.0,0.3,0.6,2,6,2
Paraguay,0.3739255663593245,48.38804836654741,950.0,21.4,8.3,19.9,0.9,0.3,0.3,3,5,2
Peru,0.37686961213204684,50.123534355896936,996.5,22.8,9.9,21.9,0.9,0.3,0.3,3,5,2
Philippines,0.3712585896539432,49.410405924653794,911.7,24.3,11.6,20.4,0.4,0.4,0.0,2,6,2
Poland,0.3826628667621017,46.03997550816719,911.4,23.7,12.9,20.6,1.2,0.2,0.0,4,2,3
Portugal,0.3749273954386311,48.82127236475006,885.0,20.7,9.7,19.3,1.2,0.4,0.3,4,2,3
Qatar,0.3607448730805764,43.971523340266174,941.3,22.7,9.2,19.7,1.3,0.4,0.0,4,3,3
Republic of Korea,0.35335833709671827,43.211594653754354,928.2,24.7,8.8,19.9,1.1,1.5,0.2,4,6,3
Republic of Moldova,0.38676161112886337,49.31017731382494,956.6,20.5,10.4,21.2,1.4,0.0,0.2,3,2,3
Romania,0.38637849247619593,47.89374333671746,958.4,22.1,11.6,20.6,1.4,0.4,0.1,4,2,3
Russian Federation,0.37355032431096813,46.0495526155743,903.5,23.0,9.4,18.6,0.5,0.3,0.1,4,2,3
Rwanda,0.38005522530749486,49.3157902723361,944.4,24.7,11.3,17.8,1.4,0.2,0.3,1,4,2
Saint Kitts and Nevis,0.38915212564423185,45.809486186250474,886.9,20.7,9.2,19.2,0.7,0.3,0.2,4,5,2
Saint Lucia,0.3865453805229556,49.91219259233443,957.0,25.2,14.2,20.1,1.1,0.1,0.6,3,5,2
Saint Vincent and the Grenadines,0.3771778771066315,51.16424564333922,987.9,22.4,11.5,18.2,0.2,0.1,0.6,3,5,3
Samoa,0.3807616761281797,48.84207078550393,961.2,21.2,10.9,20.1,1.0,0.1,0.5,2,6,3
San Marino,0.36809386329725846,47.25759774492907,939.6,21.7,9.8,19.8,1.2,0.2,0.5,4,2,3
Sao Tome and Principe,0.3946323098586754,50.401182739608466,916.4,20.7,9.5,18.4,1.7,0.3,0.6,2,4,2
Saudi Arabia,0.3946350161599252,50.76984104959239,925.6,21.6,8.9,19.9,1.3,0.3,0.2,4,3,3
Senegal,0.3772073641372998,50.2217591419664,945.7,21.8,12.2,17.9,0.8,0.1,0.1,2,4,1
Serbia,0.36203410943784975,48.597692740557456,904.3,22.1,10.1,19.6,1.1,0.2,0.2,3,2,3
Seychelles,0.3776207155351679,49.575683616462456,915.7,20.2,9.9,19.7,1.5,0.3,0.5,4,4,3
Sierra Leone,0.3761693308685684,49.15315448717662,882.8,20.6,9.8,21.0,1.1,0.0,0.0,1,4,1
Singapore,0.36331377186689673,46.970072854448986,914.2,24.5,7.9,19.2,0.5,2.5,0.1,4,6,2
Slovakia,0.3713937200070565,45.80562360240076,929.1,24.2,12.1,20.1,0.9,0.2,0.6,4,2,3
Slovenia,0.3834395591631386,47.53012309469003,890.1,22.2,11.0,18.0,1.0,0.3,0.1,4,2,3
Solomon Islands,0.3790046798036363,47.874819530175344,914.6,20.4,10.3,17.7,0.7,0.0,0.3,2,6,2
Somalia,0.3902117342599261,48.89383742039639,928.7,23.2,11.3,18.9,1.0,0.1,0.5,1,4,1
South Africa,0.36783564398201324,48.698078571846835,901.0,20.0,9.6,18.4,1.8,0.2,0.7,3,4,2
South Sudan,0.3957352589508864,50.25828591978298,931.4,23.9,11.3,21.4,1.4,0.0,0.3,1,4,2
Spain,0.32549171686349126,39.36763866066168,774.3,18.8,8.3,15.0,0.8,0.4,0.1,4,2,3
Sri Lanka,0.3645932746859417,48.75143141971779,924.0,25.7,13.2,16.8,0.6,0.0,0.0,2,1,2
Sudan,0.3980597017990833,53.08440413378901,928.9,21.1,9.8,18.6,1.4,0.2,0.3,1,4,1
Suriname,0.4021262856791701,48.459204611626994,926.0,23.6,11.8,19.3,0.8,0.3,0.1,3,5,2
Sweden,0.39467052189670804,47.413002998454104,912.7,21.5,10.2,19.8,0.4,0.5,0.0,4,2,3
Switzerland,0.3676038233578952,45.00904506898861,884.7,23.2,10.6,16.5,1.2,1.7,0.7,4,2,3
Syrian Arab Republic,0.3755274503736221,49.819439946659145,928.3,22.2,12.8,18.9,1.6,0.2,0.0,1,3,2
Tajikistan,0.39823289992871114,50.98725354268265,891.5,23.3,10.9,17.6,0.7,0.0,0.1,2,2,3
Thailand,0.3840684616057609,49.304122687891706,908.4,20.7,11.1,18.1,0.9,0.3,0.3,3,6,2
Timor-Leste,0.3800742277756644,48.91159733187777,894.8,20.1,10.3,19.2,0.6,0.1,0.3,2,6,1
Togo,0.38746468268745776,48.901359357845955,950.3,20.9,11.8,21.3,1.2,0.1,0.5,1,4,2
Tonga,0.36998482419352957,50.61166946756772,935.0,22.2,10.9,19.6,1.7,0.0,0.8,3,6,3
Trinidad and Tobago,0.3727303287293837,46.629117983076085,896.2,22.7,11.5,18.1,1.1,0.3,0.5,4,5,3
Tunisia,0.37482616730528495,46.41558390615129,913.5,20.7,9.2,18.9,0.6,0.2,0.2,2,3,2
Turkmenistan,0.3718102254152611,50.75123364439145,917.0,20.8,11.2,20.2,1.4,0.4,0.7,3,2,3
Tuvalu,0.38448538643853036,50.824858770482955,891.0,19.2,9.1,19.9,0.9,0.0,0.6,3,6,2
Türkiye,0.369855447146866,45.900931987855486,873.6,22.2,11.1,19.1,0.9,0.3,0.0,3,2,2
Uganda,0.39697383112054363,50.39047252796124,974.3,22.9,11.0,22.4,2.0,0.0,0.7,1,4,2
Ukraine,0.37307528951119534,47.514994217468214,900.3,23.1,10.4,19.7,0.8,0.2,0.0,3,2,3
United Arab Emirates,0.3700788076461537,45.35363036722638,899.4,24.2,10.3,18.7,1.1,0.5,0.4,4,3,3
United Kingdom,0.3594858688692727,45.057578257083904,886.1,26.1,10.2,17.1,0.7,3.5,0.3,4,2,3
United Republic of Tanzania,0.37533357248862026,47.54034300173669,874.9,19.9,9.6,18.5,1.1,0.4,0.2,2,4,2
United States,0.35105961636114635,46.772883185724005,932.8,26.9,7.7,19.2,0.7,3.6,0.4,4,2,3
Uruguay,0.3551952147763594,44.63340299793928,918.6,22.8,8.8,17.2,0.7,0.2,0.2,4,5,3
Uzbekistan,0.37052262787106793,49.22559007136712,862.6,22.8,9.6,17.5,0.4,0.2,0.1,2,2,3
Vanuatu,0.3516206256713898,48.52122591057722,912.5,19.1,10.0,18.7,1.3,0.2,1.1,2,6,2
Venezuela (Bolivarian Republic of),0.37067533808292186,47.746679879452635,943.0,22.5,10.4,18.1,1.1,0.2,0.0,3,5,3
Viet Nam,0.37647109133161355,50.64163314587872,891.2,22.8,11.1,19.8,1.2,0.1,0.5,2,6,2
Yemen,0.40345120775109533,48.93974307583318,892.6,21.3,11.3,19.0,1.6,0.0,0.1,1,3,1
Zambia,0.39678387905566126,46.20745244949767,899.5,19.4,9.7,17.7,0.6,0.2,0.4,2,4,2
Zimbabwe,0.38173714429919803,51.106028110569696,938.5,21.0,10.3,21.2,1.1,0.1,0.4,2,4,3
