Feature,H_statistic,Raw_p_value,FDR_p_value,Significant_raw,Significant_FDR,Effect_size_eta_squared,Group_counts,Group_means
international,41.989151252541625,5.9202577585964626e-08,5.328231982736816e-07,True,True,0.19780294787455413,"[8, 54, 20, 48, 33, 30]","[np.float64(0.1), np.float64(0.825925925925926), np.float64(0.26000000000000006), np.float64(0.1798611111111111), np.float64(0.506060606060606), np.float64(0.5366666666666666)]"
flesch_reading_ease,32.42563358600705,4.892653636195461e-06,2.2016941362879575e-05,True,True,0.14666114217116072,"[8, 54, 20, 48, 33, 30]","[np.float64(47.63401511993089), np.float64(45.9132011589998), np.float64(47.284715876527244), np.float64(48.68879953181719), np.float64(46.26955191920625), np.float64(47.358215136108086)]"
bridging,27.36586068904133,4.840621330842891e-05,0.00014521863992528674,True,True,0.1196035330964777,"[8, 54, 20, 48, 33, 30]","[np.float64(1.0750000000000002), np.float64(0.9259259259259259), np.float64(1.1900000000000002), np.float64(1.400462962962963), np.float64(1.0121212121212122), np.float64(1.0766666666666669)]"
grammatical_analysis,21.656672045463875,0.0006084100485614332,0.0013689226092632248,True,True,0.08907311254258757,"[8, 54, 20, 48, 33, 30]","[np.float64(934.9125), np.float64(912.2537037037038), np.float64(915.54), np.float64(935.9756944444443), np.float64(935.3363636363636), np.float64(927.73)]"
sentiment_subjectivity,18.131425844363207,0.0027861223372362288,0.0050150202070252115,True,True,0.07022152857948238,"[8, 54, 20, 48, 33, 30]","[np.float64(0.37753692102786185), np.float64(0.368780760353229), np.float64(0.37531995697789644), np.float64(0.37865376709608034), np.float64(0.3688300219667715), np.float64(0.3721829497916546)]"
vocational,10.557561181542784,0.06089324263233589,0.09133986394850384,False,False,0.02971957851092398,"[8, 54, 20, 48, 33, 30]","[np.float64(10.825), np.float64(10.003703703703707), np.float64(10.5), np.float64(10.639583333333333), np.float64(10.266666666666667), np.float64(9.903333333333334)]"
otherTypesOfSchool,6.743667578395728,0.2404126514247401,0.3091019804032373,False,False,0.009324425552918332,"[8, 54, 20, 48, 33, 30]","[np.float64(0.28750000000000003), np.float64(0.3740740740740741), np.float64(0.275), np.float64(0.350462962962963), np.float64(0.3363636363636364), np.float64(0.4733333333333334)]"
academic,5.278602033718243,0.38283370978643705,0.4306879235097417,False,False,0.0014898504476911372,"[8, 54, 20, 48, 33, 30]","[np.float64(23.4), np.float64(22.481481481481477), np.float64(22.380000000000003), np.float64(22.225694444444446), np.float64(22.745454545454542), np.float64(22.170000000000005)]"
userConsiderations,2.8960001871101317,0.71601565987519,0.71601565987519,False,False,0.0,"[8, 54, 20, 48, 33, 30]","[np.float64(19.5625), np.float64(19.612962962962964), np.float64(19.54), np.float64(19.847685185185185), np.float64(20.22727272727273), np.float64(19.603333333333335)]"
